<?xml version="1.0" encoding="UTF-8" ?>
<!DOCTYPE mapper
        PUBLIC "-//mybatis.org//DTD Mapper 3.0//EN"
        "http://mybatis.org/dtd/mybatis-3-mapper.dtd">
<mapper namespace="com.second_kill.mapper.ILoansOrderMapper">

    <select id="getLoansOrder" resultType="com.second_kill.entity.LoansOrder">
        SELECT lo.*, cl.username, lo.number , lo.total_price, lo.good_name As name
        FROM loans_order lo,
        client cl
        WHERE cl.id = lo.user_id
        AND #{id} = lo.good_id
        <if test="orderId!=null">AND lo.id = #{orderId}</if>
        <if test="username!=null">AND cl.username LIKE "%"#{username}"%"</if>
        <if test="startTime!=null">AND #{startTime}&lt;=lo.create_time</if>
        <if test="endTime!=null">AND #{endTime}&gt;=lo.create_time</if>
        LIMIT #{page}
        , #{size}
    </select>

    <select id="getAllOrder" resultType="com.second_kill.entity.LoansOrder">
        SELECT lo.*, cl.username, lo.number , lo.total_price,lo.good_name As name
        FROM loans_order lo,
        client cl
        WHERE cl.id = lo.user_id
        <if test="orderId!=null">AND lo.id = #{orderId}</if>
        <if test="goodName!=null">AND lo.good_name LIKE "%"#{goodName}"%"</if>
        <if test="startTime!=null">AND #{startTime}&lt;=lo.create_time</if>
        <if test="endTime!=null">AND #{endTime}&gt;=do.create_time</if>
        LIMIT #{page},#{size}
    </select>
    <select id="getMaxOrderId" resultType="java.lang.Integer">
        SELECT `id`
        FROM loans_order
        ORDER BY `id` DESC LIMIT 1
    </select>
    <select id="getClientOrder" resultType="com.second_kill.entity.LoansOrder">
        SELECT lo.*, cl.username, lo.number , lo.total_price,lo.good_name As name
        FROM loans_order lo,client cl
        WHERE lo.user_id = #{userId} AND cl.id=#{userId}
        <if test="orderId!=null">AND lo.id = #{orderId}</if>
        <if test="goodName!=null">AND lo.good_name LIKE "%"#{goodName}"%"</if>
        <if test="startTime!=null">AND #{startTime}&lt;=lo.create_time</if>
        <if test="endTime!=null">AND #{endTime}&gt;=lo.create_time</if>
        LIMIT #{page},#{size}
    </select>
    <select id="getOrderNumber" resultType="java.lang.Integer">
        SELECT COUNT("id")
        FROM loans_order lo,
        client cl
        WHERE cl.id = lo.user_id
        <if test="orderId!=null">AND lo.id = #{orderId}</if>
        <if test="goodName!=null">AND lo.good_name LIKE "%"#{goodName}"%"</if>
        <if test="startTime!=null">AND #{startTime}&lt;=lo.create_time</if>
        <if test="endTime!=null">AND #{endTime}&gt;=do.create_time</if>
    </select>
</mapper>